frame_index,label
0,not_writing
1,not_writing
2,not_writing
3,not_writing
4,not_writing
5,not_writing
6,not_writing
7,not_writing
8,not_writing
9,not_writing
10,not_writing
11,not_writing
12,not_writing
13,not_writing
14,not_writing
15,not_writing
16,not_writing
17,not_writing
18,not_writing
19,not_writing
20,not_writing
21,not_writing
22,not_writing
23,not_writing
24,not_writing
25,not_writing
26,not_writing
27,not_writing
28,not_writing
29,not_writing
30,not_writing
31,not_writing
32,not_writing
33,not_writing
34,not_writing
35,not_writing
36,not_writing
37,not_writing
38,not_writing
39,not_writing
40,not_writing
41,not_writing
42,not_writing
43,not_writing
44,not_writing
45,not_writing
46,not_writing
47,not_writing
48,not_writing
49,not_writing
50,not_writing
51,not_writing
52,not_writing
53,not_writing
54,not_writing
55,not_writing
56,not_writing
57,not_writing
58,not_writing
59,not_writing
60,not_writing
61,not_writing
62,not_writing
63,not_writing
64,not_writing
65,not_writing
66,not_writing
67,not_writing
68,not_writing
69,not_writing
70,not_writing
71,not_writing
72,not_writing
73,not_writing
74,not_writing
75,not_writing
76,not_writing
77,not_writing
78,not_writing
79,not_writing
80,not_writing
81,not_writing
82,not_writing
83,not_writing
84,not_writing
85,not_writing
86,not_writing
87,not_writing
88,not_writing
89,not_writing
90,not_writing
91,not_writing
92,not_writing
93,not_writing
94,not_writing
95,not_writing
96,not_writing
97,not_writing
98,not_writing
99,not_writing
100,not_writing
101,not_writing
102,not_writing
103,not_writing
104,not_writing
105,not_writing
106,not_writing
107,not_writing
108,not_writing
109,not_writing
110,not_writing
111,not_writing
112,not_writing
113,not_writing
114,not_writing
115,not_writing
116,not_writing
117,not_writing
118,not_writing
119,not_writing
120,not_writing
121,not_writing
122,not_writing
123,not_writing
124,not_writing
125,not_writing
126,not_writing
127,not_writing
128,not_writing
129,not_writing
130,not_writing
131,not_writing
132,not_writing
133,not_writing
134,not_writing
135,not_writing
136,not_writing
137,not_writing
138,not_writing
139,not_writing
140,not_writing
141,not_writing
142,not_writing
143,not_writing
144,not_writing
145,not_writing
146,not_writing
147,not_writing
148,not_writing
149,not_writing
150,not_writing
151,not_writing
152,not_writing
153,not_writing
154,not_writing
155,not_writing
156,not_writing
157,not_writing
158,not_writing
159,not_writing
160,not_writing
161,not_writing
162,not_writing
163,not_writing
164,not_writing
165,not_writing
166,not_writing
167,not_writing
168,not_writing
169,not_writing
170,not_writing
171,not_writing
172,not_writing
173,not_writing
174,not_writing
175,not_writing
176,not_writing
177,not_writing
178,not_writing
179,not_writing
180,not_writing
181,not_writing
182,not_writing
183,not_writing
184,not_writing
185,not_writing
186,not_writing
187,not_writing
188,not_writing
189,writing
190,writing
191,writing
192,writing
193,writing
194,writing
195,writing
196,writing
197,writing
198,writing
199,writing
200,writing
201,writing
202,writing
203,writing
204,writing
205,writing
206,writing
207,writing
208,writing
209,writing
210,writing
211,writing
212,writing
213,writing
214,writing
215,writing
216,writing
217,writing
218,writing
219,writing
220,writing
221,writing
222,writing
223,writing
224,writing
225,writing
226,writing
227,writing
228,writing
229,writing
230,writing
231,writing
232,writing
233,writing
234,writing
235,writing
236,writing
237,writing
238,writing
239,writing
240,writing
241,writing
242,writing
243,not_writing
244,not_writing
245,not_writing
246,not_writing
247,not_writing
248,not_writing
249,not_writing
250,not_writing
251,not_writing
252,not_writing
253,not_writing
254,not_writing
255,not_writing
256,not_writing
257,not_writing
258,not_writing
259,not_writing
260,not_writing
261,not_writing
262,not_writing
263,not_writing
264,not_writing
265,writing
266,writing
267,writing
268,writing
269,writing
270,writing
271,writing
272,writing
273,writing
274,writing
275,writing
276,writing
277,writing
278,writing
279,writing
280,writing
281,writing
282,writing
283,writing
284,writing
285,writing
286,writing
287,writing
288,writing
289,writing
290,writing
291,writing
292,writing
293,writing
294,writing
295,writing
296,writing
297,writing
298,writing
299,writing
300,writing
301,writing
302,writing
303,writing
304,writing
305,writing
306,writing
307,writing
308,writing
309,writing
310,writing
311,writing
312,writing
313,writing
314,writing
315,writing
316,writing
317,writing
318,writing
319,writing
320,writing
321,writing
322,writing
323,writing
324,writing
325,writing
326,writing
327,writing
328,writing
329,writing
330,writing
331,writing
332,writing
333,writing
334,writing
335,writing
336,writing
337,writing
338,not_writing
339,not_writing
340,not_writing
341,not_writing
342,not_writing
343,not_writing
344,not_writing
345,not_writing
346,not_writing
347,not_writing
348,not_writing
349,not_writing
350,not_writing
351,not_writing
352,not_writing
353,not_writing
354,not_writing
355,not_writing
356,not_writing
357,not_writing
358,not_writing
359,not_writing
360,not_writing
361,not_writing
362,not_writing
363,not_writing
364,not_writing
365,not_writing
366,not_writing
367,not_writing
368,not_writing
369,not_writing
370,not_writing
371,not_writing
372,not_writing
373,not_writing
374,writing
375,writing
376,writing
377,writing
378,writing
379,writing
380,writing
381,writing
382,writing
383,writing
384,writing
385,writing
386,writing
387,writing
388,writing
389,writing
390,writing
391,writing
392,writing
393,writing
394,writing
395,writing
396,writing
397,writing
398,writing
399,writing
400,writing
401,writing
402,writing
403,writing
404,writing
405,writing
406,writing
407,writing
408,writing
409,writing
410,writing
411,writing
412,writing
413,not_writing
414,not_writing
415,not_writing
416,not_writing
417,not_writing
418,not_writing
419,not_writing
420,not_writing
421,not_writing
422,not_writing
423,not_writing
424,not_writing
425,not_writing
426,not_writing
427,not_writing
428,not_writing
429,not_writing
430,not_writing
431,not_writing
432,not_writing
433,not_writing
434,not_writing
435,not_writing
436,not_writing
437,not_writing
438,not_writing
439,not_writing
440,not_writing
441,not_writing
442,not_writing
443,not_writing
444,not_writing
445,not_writing
446,not_writing
447,not_writing
448,not_writing
449,not_writing
450,not_writing
451,not_writing
452,not_writing
453,not_writing
454,not_writing
455,writing
456,writing
457,writing
458,writing
459,writing
460,writing
461,writing
462,writing
463,writing
464,writing
465,writing
466,writing
467,writing
468,writing
469,writing
470,writing
471,writing
472,writing
473,writing
474,writing
475,writing
476,writing
477,writing
478,writing
479,writing
480,writing
481,writing
482,writing
483,writing
484,writing
485,writing
486,writing
487,writing
488,writing
489,writing
490,writing
491,writing
492,writing
493,writing
494,writing
495,not_writing
496,not_writing
497,not_writing
498,not_writing
499,not_writing
500,not_writing
501,not_writing
502,not_writing
503,not_writing
504,not_writing
505,not_writing
506,not_writing
507,not_writing
508,not_writing
509,not_writing
510,not_writing
511,not_writing
512,not_writing
513,not_writing
514,not_writing
515,not_writing
516,not_writing
517,not_writing
518,not_writing
519,not_writing
520,not_writing
521,not_writing
522,not_writing
523,not_writing
524,not_writing
525,not_writing
526,not_writing
527,not_writing
528,not_writing
529,not_writing
530,not_writing
531,not_writing
532,not_writing
533,not_writing
534,not_writing
535,not_writing
536,not_writing
537,not_writing
538,not_writing
539,not_writing
540,not_writing
541,not_writing
542,not_writing
543,not_writing
544,writing
545,writing
546,writing
547,writing
548,writing
549,writing
550,writing
551,writing
552,writing
553,writing
554,writing
555,writing
556,writing
557,writing
558,writing
559,writing
560,writing
561,writing
562,writing
563,writing
564,writing
565,writing
566,writing
567,writing
568,writing
569,writing
570,writing
571,writing
572,writing
573,writing
574,writing
575,writing
576,writing
577,writing
578,writing
579,writing
580,writing
581,writing
582,writing
583,writing
584,not_writing
585,not_writing
586,not_writing
587,not_writing
588,not_writing
589,not_writing
590,not_writing
591,not_writing
592,not_writing
593,not_writing
594,not_writing
595,not_writing
596,not_writing
597,not_writing
598,not_writing
599,not_writing
600,not_writing
601,not_writing
602,not_writing
603,not_writing
604,not_writing
605,not_writing
606,not_writing
607,not_writing
608,not_writing
609,not_writing
610,not_writing
611,not_writing
612,not_writing
613,not_writing
614,not_writing
615,not_writing
616,not_writing
617,not_writing
618,not_writing
619,not_writing
620,not_writing
621,not_writing
622,not_writing
623,not_writing
624,not_writing
625,not_writing
626,not_writing
627,not_writing
628,not_writing
629,not_writing
630,not_writing
631,not_writing
632,not_writing
633,not_writing
634,not_writing
635,not_writing
636,not_writing
637,not_writing
638,not_writing
639,not_writing
640,not_writing
641,not_writing
642,writing
643,writing
644,writing
645,writing
646,writing
647,writing
648,writing
649,writing
650,writing
651,writing
652,writing
653,writing
654,writing
655,writing
656,writing
657,writing
658,writing
659,writing
660,writing
661,writing
662,writing
663,writing
664,writing
665,writing
666,writing
667,writing
668,writing
669,writing
670,writing
671,writing
672,writing
673,writing
674,writing
675,writing
676,writing
677,writing
678,writing
679,writing
680,writing
681,writing
682,writing
683,writing
684,writing
685,writing
686,not_writing
687,not_writing
688,not_writing
689,not_writing
690,not_writing
691,not_writing
692,not_writing
693,not_writing
694,not_writing
695,not_writing
696,not_writing
697,not_writing
698,not_writing
699,not_writing
700,not_writing
701,not_writing
702,not_writing
703,not_writing
704,not_writing
705,not_writing
706,not_writing
707,not_writing
708,not_writing
709,not_writing
710,not_writing
711,not_writing
712,not_writing
713,not_writing
714,not_writing
715,not_writing
716,not_writing
717,not_writing
718,not_writing
719,not_writing
720,not_writing
721,not_writing
722,not_writing
723,not_writing
724,not_writing
725,not_writing
726,not_writing
727,not_writing
728,writing
729,writing
730,writing
731,writing
732,writing
733,writing
734,writing
735,writing
736,writing
737,writing
738,writing
739,writing
740,writing
741,writing
742,writing
743,writing
744,writing
745,writing
746,writing
747,writing
748,writing
749,writing
750,writing
751,writing
752,writing
753,writing
754,writing
755,writing
756,writing
757,writing
758,writing
759,writing
760,writing
761,writing
762,writing
763,writing
764,writing
765,writing
766,writing
767,writing
768,writing
769,writing
770,writing
771,writing
772,not_writing
773,not_writing
774,not_writing
775,not_writing
776,not_writing
777,not_writing
778,not_writing
779,not_writing
780,not_writing
781,not_writing
782,not_writing
783,not_writing
784,not_writing
785,not_writing
786,not_writing
787,not_writing
788,not_writing
789,not_writing
790,not_writing
791,not_writing
792,not_writing
793,not_writing
794,not_writing
795,not_writing
796,not_writing
797,not_writing
798,not_writing
799,not_writing
800,not_writing
801,not_writing
802,not_writing
803,not_writing
804,writing
805,writing
806,writing
807,writing
808,writing
809,writing
810,writing
811,writing
812,writing
813,writing
814,writing
815,writing
816,writing
817,writing
818,writing
819,writing
820,writing
821,writing
822,writing
823,writing
824,writing
825,writing
826,writing
827,writing
828,writing
829,writing
830,writing
831,writing
832,writing
833,writing
834,writing
835,writing
836,writing
837,writing
838,writing
839,not_writing
840,not_writing
841,not_writing
842,not_writing
843,not_writing
844,not_writing
845,not_writing
846,not_writing
847,not_writing
848,not_writing
849,not_writing
850,not_writing
851,not_writing
852,not_writing
853,not_writing
854,not_writing
855,not_writing
856,not_writing
857,not_writing
858,not_writing
859,not_writing
860,not_writing
861,not_writing
862,not_writing
863,not_writing
864,not_writing
865,not_writing
866,not_writing
867,not_writing
868,not_writing
869,not_writing
870,not_writing
871,not_writing
872,not_writing
873,not_writing
874,not_writing
875,not_writing
876,not_writing
877,not_writing
878,not_writing
879,not_writing
880,not_writing
881,not_writing
882,not_writing
883,not_writing
884,not_writing
885,not_writing
886,not_writing
887,not_writing
888,not_writing
889,not_writing
890,not_writing
891,not_writing
892,writing
893,writing
894,writing
895,writing
896,writing
897,writing
898,writing
899,writing
900,writing
901,writing
902,writing
903,writing
904,writing
905,writing
906,writing
907,writing
908,writing
909,writing
910,writing
911,writing
912,writing
913,writing
914,writing
915,writing
916,writing
917,writing
918,writing
919,writing
920,writing
921,writing
922,writing
923,writing
924,writing
925,writing
926,writing
927,writing
928,writing
929,writing
930,writing
931,writing
932,writing
933,writing
934,writing
935,writing
936,writing
937,writing
938,writing
939,writing
940,writing
941,not_writing
942,not_writing
943,not_writing
944,not_writing
945,not_writing
946,not_writing
947,not_writing
948,not_writing
949,not_writing
950,not_writing
951,not_writing
952,not_writing
953,not_writing
954,not_writing
955,not_writing
956,not_writing
957,not_writing
958,not_writing
959,not_writing
960,not_writing
961,not_writing
962,not_writing
963,not_writing
964,not_writing
965,not_writing
966,not_writing
967,not_writing
968,not_writing
969,not_writing
970,not_writing
971,not_writing
972,not_writing
973,not_writing
974,not_writing
975,not_writing
976,not_writing
977,not_writing
978,not_writing
979,not_writing
980,not_writing
981,not_writing
982,not_writing
983,not_writing
984,not_writing
985,not_writing
986,not_writing
987,not_writing
988,not_writing
989,not_writing
990,not_writing
991,not_writing
992,not_writing
993,not_writing
994,not_writing
995,not_writing
996,not_writing
997,not_writing
998,not_writing
999,not_writing
1000,not_writing
1001,not_writing
1002,not_writing
1003,not_writing
1004,not_writing
1005,not_writing
1006,not_writing
1007,not_writing
1008,not_writing
1009,not_writing
1010,not_writing
1011,not_writing
1012,not_writing
1013,not_writing
1014,not_writing
1015,not_writing
1016,not_writing
1017,not_writing
1018,not_writing
1019,not_writing
1020,not_writing
1021,not_writing
1022,not_writing
1023,not_writing
1024,not_writing
1025,not_writing
1026,not_writing
1027,not_writing
1028,not_writing
1029,not_writing
1030,not_writing
1031,not_writing
1032,not_writing
1033,not_writing
1034,not_writing
1035,not_writing
1036,not_writing
1037,not_writing
1038,not_writing
1039,not_writing
1040,not_writing
1041,not_writing
1042,not_writing
1043,not_writing
1044,writing
1045,writing
1046,writing
1047,writing
1048,writing
1049,writing
1050,writing
1051,writing
1052,writing
1053,writing
1054,writing
1055,writing
1056,writing
1057,writing
1058,writing
1059,writing
1060,writing
1061,writing
1062,writing
1063,writing
1064,writing
1065,writing
1066,writing
1067,writing
1068,writing
1069,writing
1070,writing
1071,writing
1072,writing
1073,writing
1074,writing
1075,writing
1076,writing
1077,writing
1078,writing
1079,writing
1080,writing
1081,writing
1082,writing
1083,writing
1084,writing
1085,writing
1086,writing
1087,writing
1088,writing
1089,writing
1090,writing
1091,writing
1092,writing
1093,writing
1094,writing
1095,not_writing
1096,not_writing
1097,not_writing
1098,not_writing
1099,not_writing
1100,not_writing
1101,not_writing
1102,not_writing
1103,not_writing
1104,not_writing
1105,not_writing
1106,not_writing
1107,not_writing
1108,not_writing
1109,not_writing
1110,not_writing
1111,not_writing
1112,not_writing
1113,not_writing
1114,not_writing
1115,not_writing
1116,not_writing
1117,not_writing
1118,not_writing
1119,not_writing
1120,not_writing
1121,not_writing
1122,not_writing
1123,not_writing
1124,not_writing
1125,not_writing
1126,not_writing
1127,not_writing
1128,not_writing
1129,not_writing
1130,not_writing
1131,not_writing
1132,not_writing
1133,not_writing
1134,not_writing
1135,not_writing
1136,not_writing
1137,not_writing
1138,not_writing
1139,not_writing
1140,not_writing
1141,writing
1142,writing
1143,writing
1144,writing
1145,writing
1146,writing
1147,writing
1148,writing
1149,writing
1150,writing
1151,writing
1152,writing
1153,writing
1154,writing
1155,writing
1156,writing
1157,writing
1158,writing
1159,writing
1160,writing
1161,writing
1162,writing
1163,writing
1164,writing
1165,writing
1166,writing
1167,writing
1168,writing
1169,writing
1170,writing
1171,writing
1172,writing
1173,writing
1174,writing
1175,writing
1176,writing
1177,writing
1178,writing
1179,writing
1180,writing
1181,writing
1182,writing
1183,writing
1184,writing
1185,writing
1186,writing
1187,writing
1188,writing
1189,writing
1190,writing
1191,writing
1192,writing
1193,writing
1194,writing
1195,writing
1196,writing
1197,writing
1198,writing
1199,writing
1200,writing
1201,writing
1202,writing
1203,writing
1204,writing
1205,writing
1206,writing
1207,writing
1208,writing
1209,writing
1210,writing
1211,writing
1212,writing
1213,writing
1214,writing
1215,writing
1216,writing
1217,writing
1218,writing
1219,writing
1220,writing
1221,writing
1222,writing
1223,writing
1224,writing
1225,writing
1226,writing
1227,writing
1228,writing
1229,writing
1230,writing
1231,writing
1232,writing
1233,writing
1234,writing
1235,writing
1236,writing
1237,writing
1238,writing
1239,writing
1240,writing
1241,writing
1242,writing
1243,writing
1244,writing
1245,writing
1246,writing
1247,writing
1248,writing
1249,writing
1250,writing
1251,writing
1252,writing
1253,writing
1254,not_writing
1255,not_writing
1256,not_writing
1257,not_writing
1258,not_writing
1259,not_writing
1260,not_writing
1261,not_writing
1262,not_writing
1263,not_writing
1264,not_writing
1265,not_writing
1266,not_writing
1267,not_writing
1268,not_writing
1269,not_writing
1270,not_writing
1271,not_writing
1272,not_writing
1273,not_writing
1274,not_writing
1275,not_writing
1276,not_writing
1277,not_writing
1278,not_writing
1279,not_writing
1280,not_writing
1281,not_writing
1282,not_writing
1283,not_writing
1284,not_writing
1285,not_writing
1286,not_writing
1287,not_writing
1288,not_writing
1289,not_writing
1290,not_writing
1291,not_writing
1292,not_writing
1293,not_writing
1294,writing
1295,writing
1296,writing
1297,writing
1298,writing
1299,writing
1300,writing
1301,writing
1302,writing
1303,writing
1304,writing
1305,writing
1306,writing
1307,writing
1308,writing
1309,writing
1310,writing
1311,writing
1312,writing
1313,writing
1314,writing
1315,writing
1316,writing
1317,writing
1318,writing
1319,writing
1320,writing
1321,writing
1322,writing
1323,writing
1324,writing
1325,writing
1326,writing
1327,writing
1328,writing
1329,writing
1330,writing
1331,writing
1332,writing
1333,writing
1334,writing
1335,writing
1336,writing
1337,writing
1338,writing
1339,writing
1340,writing
1341,writing
1342,writing
1343,writing
1344,writing
1345,writing
1346,writing
1347,writing
1348,writing
1349,writing
1350,writing
1351,writing
1352,writing
1353,writing
1354,writing
1355,writing
1356,writing
1357,writing
1358,writing
1359,writing
1360,writing
1361,writing
1362,writing
1363,writing
1364,not_writing
1365,not_writing
1366,not_writing
1367,not_writing
1368,not_writing
1369,not_writing
1370,not_writing
1371,not_writing
1372,not_writing
1373,not_writing
1374,not_writing
1375,not_writing
1376,not_writing
1377,not_writing
1378,not_writing
1379,not_writing
1380,not_writing
1381,not_writing
1382,not_writing
1383,not_writing
1384,not_writing
1385,not_writing
1386,not_writing
1387,not_writing
1388,not_writing
1389,not_writing
1390,not_writing
1391,not_writing
1392,not_writing
1393,not_writing
1394,not_writing
1395,not_writing
1396,not_writing
1397,not_writing
1398,not_writing
1399,not_writing
1400,not_writing
1401,not_writing
1402,not_writing
1403,not_writing
1404,not_writing
1405,not_writing
1406,not_writing
1407,not_writing
1408,not_writing
1409,not_writing
1410,not_writing
1411,not_writing
1412,not_writing
1413,not_writing
1414,not_writing
1415,not_writing
1416,not_writing
1417,not_writing
1418,not_writing
1419,not_writing
1420,not_writing
1421,not_writing
1422,not_writing
1423,not_writing
1424,not_writing
1425,not_writing
1426,not_writing
1427,not_writing
1428,not_writing
1429,not_writing
1430,not_writing
1431,not_writing
1432,not_writing
1433,not_writing
1434,not_writing
1435,not_writing
1436,not_writing
1437,not_writing
1438,not_writing
1439,not_writing
1440,not_writing
1441,not_writing
1442,not_writing
1443,not_writing
1444,not_writing
1445,not_writing
1446,not_writing
1447,not_writing
1448,not_writing
1449,not_writing
1450,not_writing
1451,not_writing
1452,not_writing
1453,not_writing
1454,not_writing
1455,not_writing
1456,not_writing
1457,not_writing
1458,not_writing
1459,not_writing
1460,not_writing
1461,not_writing
1462,not_writing
1463,not_writing
1464,not_writing
1465,not_writing
1466,not_writing
1467,not_writing
1468,not_writing
1469,not_writing
1470,not_writing
1471,not_writing
1472,not_writing
1473,not_writing
1474,not_writing
1475,not_writing
1476,not_writing
1477,not_writing
1478,not_writing
1479,not_writing
1480,not_writing
1481,not_writing
1482,not_writing
1483,not_writing
1484,not_writing
1485,not_writing
1486,not_writing
1487,not_writing
1488,not_writing
1489,not_writing
1490,not_writing
1491,not_writing
1492,not_writing
1493,not_writing
1494,not_writing
1495,not_writing
1496,not_writing
1497,not_writing
1498,not_writing
1499,not_writing
1500,not_writing
1501,not_writing
1502,not_writing
1503,not_writing
1504,not_writing
1505,not_writing
1506,not_writing
1507,not_writing
1508,not_writing
1509,not_writing
1510,not_writing
1511,not_writing
1512,not_writing
1513,not_writing
1514,not_writing
1515,not_writing
1516,not_writing
1517,not_writing
1518,not_writing
1519,not_writing
1520,not_writing
1521,not_writing
1522,not_writing
1523,not_writing
1524,not_writing
1525,not_writing
1526,not_writing
1527,not_writing
1528,not_writing
1529,not_writing
1530,not_writing
1531,not_writing
1532,not_writing
1533,not_writing
1534,not_writing
1535,not_writing
1536,not_writing
1537,not_writing
1538,not_writing
1539,not_writing
1540,not_writing
1541,not_writing
1542,not_writing
1543,not_writing
1544,not_writing
1545,not_writing
1546,not_writing
1547,not_writing
1548,not_writing
1549,not_writing
1550,not_writing
1551,not_writing
1552,not_writing
1553,not_writing
1554,not_writing
1555,not_writing
1556,not_writing
1557,not_writing
1558,not_writing
1559,not_writing
1560,not_writing
1561,not_writing
1562,not_writing
1563,not_writing
1564,not_writing
1565,not_writing
1566,not_writing
1567,not_writing
1568,not_writing
1569,not_writing
1570,not_writing
1571,not_writing
1572,not_writing
1573,not_writing
1574,not_writing
1575,not_writing
1576,not_writing
1577,not_writing
1578,not_writing
1579,not_writing
1580,not_writing
1581,not_writing
1582,not_writing
1583,not_writing
1584,not_writing
1585,not_writing
1586,not_writing
1587,not_writing
1588,not_writing
1589,not_writing
1590,not_writing
1591,not_writing
1592,not_writing
1593,not_writing
1594,not_writing
1595,not_writing
1596,not_writing
1597,not_writing
1598,not_writing
1599,not_writing
1600,not_writing
1601,not_writing
1602,not_writing
1603,not_writing
1604,not_writing
1605,not_writing
1606,not_writing
1607,not_writing
1608,not_writing
1609,not_writing
1610,not_writing
1611,not_writing
1612,not_writing
1613,not_writing
1614,not_writing
1615,not_writing
1616,not_writing
1617,not_writing
1618,not_writing
1619,not_writing
1620,not_writing
1621,not_writing
1622,not_writing
1623,not_writing
1624,not_writing
1625,not_writing
1626,not_writing
1627,not_writing
1628,not_writing
1629,not_writing
1630,not_writing
1631,not_writing
1632,not_writing
1633,not_writing
1634,not_writing
1635,not_writing
1636,not_writing
1637,not_writing
1638,not_writing
1639,not_writing
1640,not_writing
1641,not_writing
1642,not_writing
1643,not_writing
1644,not_writing
1645,not_writing
1646,not_writing
1647,not_writing
1648,not_writing
1649,not_writing
1650,not_writing
1651,not_writing
1652,not_writing
1653,not_writing
1654,not_writing
1655,not_writing
1656,not_writing
1657,not_writing
1658,not_writing
1659,not_writing
1660,not_writing
1661,not_writing
1662,not_writing
1663,not_writing
1664,not_writing
1665,not_writing
1666,not_writing
1667,not_writing
1668,not_writing
1669,not_writing
1670,not_writing
1671,not_writing
1672,not_writing
1673,not_writing
1674,not_writing
1675,not_writing
1676,not_writing
1677,not_writing
1678,not_writing
1679,not_writing
1680,not_writing
1681,not_writing
1682,not_writing
1683,not_writing
1684,not_writing
1685,not_writing
1686,not_writing
1687,not_writing
1688,not_writing
1689,not_writing
1690,not_writing
1691,not_writing
1692,not_writing
1693,not_writing
1694,not_writing
1695,not_writing
1696,not_writing
1697,not_writing
1698,not_writing
1699,not_writing
1700,not_writing
1701,not_writing
1702,not_writing
1703,not_writing
1704,not_writing
1705,not_writing
1706,not_writing
1707,not_writing
1708,not_writing
1709,not_writing
1710,not_writing
1711,not_writing
1712,not_writing
1713,not_writing
1714,not_writing
1715,not_writing
1716,not_writing
1717,not_writing
1718,not_writing
1719,not_writing
1720,not_writing
1721,not_writing
1722,not_writing
1723,not_writing
1724,not_writing
1725,not_writing
1726,not_writing
1727,not_writing
1728,not_writing
1729,not_writing
1730,not_writing
1731,not_writing
1732,not_writing
1733,not_writing
1734,not_writing
1735,not_writing
1736,not_writing
1737,not_writing
1738,not_writing
1739,not_writing
1740,not_writing
1741,not_writing
1742,not_writing
1743,not_writing
1744,not_writing
1745,not_writing
1746,not_writing
1747,not_writing
1748,not_writing
1749,not_writing
1750,not_writing
1751,not_writing
1752,not_writing
1753,not_writing
1754,not_writing
1755,not_writing
1756,not_writing
1757,not_writing
1758,not_writing
1759,not_writing
1760,not_writing
1761,not_writing
1762,not_writing
1763,not_writing
1764,not_writing
1765,not_writing
1766,not_writing
1767,not_writing
1768,not_writing
1769,not_writing
1770,not_writing
1771,not_writing
1772,not_writing
1773,not_writing
1774,not_writing
1775,not_writing
1776,not_writing
1777,not_writing
1778,not_writing
1779,not_writing
1780,not_writing
1781,not_writing
1782,not_writing
1783,not_writing
1784,not_writing
1785,not_writing
1786,not_writing
1787,not_writing
1788,not_writing
1789,not_writing
1790,not_writing
1791,not_writing
1792,not_writing
1793,not_writing
1794,not_writing
1795,not_writing
1796,not_writing
1797,not_writing
1798,not_writing
1799,not_writing
1800,not_writing
1801,not_writing
1802,not_writing
1803,not_writing
1804,not_writing
1805,not_writing
1806,not_writing
1807,not_writing
1808,not_writing
1809,not_writing
1810,not_writing
1811,not_writing
1812,not_writing
1813,not_writing
1814,not_writing
1815,not_writing
1816,not_writing
1817,not_writing
1818,not_writing
1819,not_writing
1820,not_writing
1821,not_writing
1822,not_writing
1823,not_writing
1824,not_writing
1825,not_writing
1826,not_writing
1827,not_writing
1828,not_writing
1829,not_writing
1830,not_writing
1831,not_writing
1832,not_writing
1833,not_writing
1834,not_writing
1835,not_writing
1836,not_writing
1837,not_writing
1838,not_writing
1839,not_writing
1840,not_writing
1841,not_writing
1842,not_writing
1843,not_writing
1844,not_writing
1845,not_writing
1846,not_writing
1847,not_writing
1848,not_writing
1849,not_writing
1850,not_writing
1851,not_writing
1852,not_writing
1853,not_writing
1854,not_writing
1855,not_writing
1856,not_writing
1857,not_writing
1858,not_writing
1859,not_writing
1860,not_writing
1861,not_writing
1862,not_writing
1863,not_writing
1864,not_writing
1865,not_writing
1866,not_writing
1867,not_writing
1868,not_writing
1869,not_writing
1870,not_writing
1871,not_writing
1872,not_writing
1873,not_writing
1874,not_writing
1875,not_writing
1876,not_writing
1877,not_writing
1878,not_writing
1879,not_writing
1880,not_writing
1881,not_writing
1882,not_writing
1883,not_writing
1884,not_writing
1885,not_writing
1886,not_writing
1887,not_writing
1888,not_writing
1889,not_writing
1890,not_writing
1891,not_writing
1892,not_writing
1893,not_writing
1894,not_writing
1895,not_writing
1896,not_writing
1897,not_writing
1898,not_writing
1899,not_writing
1900,not_writing
1901,not_writing
1902,not_writing
1903,not_writing
1904,not_writing
1905,not_writing
1906,not_writing
1907,not_writing
1908,not_writing
1909,not_writing
1910,not_writing
1911,not_writing
1912,not_writing
1913,not_writing
1914,not_writing
1915,not_writing
1916,not_writing
1917,not_writing
1918,not_writing
1919,not_writing
1920,not_writing
1921,not_writing
1922,not_writing
1923,not_writing
1924,not_writing
1925,not_writing
1926,not_writing
1927,not_writing
1928,not_writing
1929,not_writing
1930,not_writing
1931,not_writing
1932,not_writing
1933,not_writing
1934,not_writing
1935,not_writing
1936,not_writing
1937,not_writing
1938,not_writing
1939,not_writing
1940,not_writing
1941,not_writing
1942,not_writing
1943,not_writing
1944,not_writing
1945,not_writing
1946,not_writing
1947,not_writing
1948,not_writing
1949,not_writing
1950,not_writing
1951,not_writing
1952,not_writing
1953,not_writing
1954,not_writing
1955,not_writing
1956,not_writing
1957,not_writing
1958,not_writing
1959,not_writing
1960,not_writing
1961,not_writing
1962,not_writing
1963,not_writing
1964,not_writing
1965,not_writing
1966,not_writing
1967,not_writing
1968,not_writing
1969,not_writing
1970,not_writing
1971,not_writing
1972,not_writing
1973,not_writing
1974,not_writing
1975,not_writing
1976,not_writing
1977,not_writing
1978,not_writing
1979,not_writing
1980,not_writing
1981,not_writing
1982,not_writing
1983,not_writing
1984,not_writing
1985,not_writing
1986,not_writing
1987,not_writing
1988,not_writing
1989,not_writing
1990,not_writing
1991,not_writing
1992,not_writing
1993,not_writing
1994,not_writing
1995,not_writing
1996,not_writing
1997,not_writing
1998,not_writing
1999,not_writing
2000,not_writing
2001,not_writing
2002,not_writing
2003,not_writing
2004,not_writing
2005,not_writing
2006,not_writing
2007,not_writing
2008,not_writing
2009,not_writing
2010,not_writing
2011,not_writing
2012,not_writing
2013,not_writing
2014,not_writing
2015,not_writing
2016,not_writing
2017,not_writing
2018,not_writing
2019,not_writing
2020,not_writing
2021,not_writing
2022,not_writing
2023,not_writing
2024,not_writing
2025,not_writing
2026,not_writing
2027,not_writing
2028,not_writing
2029,not_writing
2030,not_writing
2031,not_writing
2032,not_writing
2033,not_writing
2034,not_writing
2035,not_writing
2036,not_writing
2037,not_writing
2038,not_writing
2039,not_writing
2040,not_writing
2041,not_writing
2042,not_writing
2043,not_writing
2044,not_writing
2045,not_writing
2046,not_writing
2047,not_writing
2048,not_writing
2049,not_writing
2050,not_writing
2051,not_writing
2052,not_writing
2053,not_writing
2054,not_writing
2055,not_writing
2056,not_writing
2057,not_writing
2058,not_writing
2059,not_writing
2060,not_writing
2061,not_writing
2062,not_writing
2063,not_writing
2064,not_writing
2065,not_writing
2066,not_writing
2067,not_writing
2068,not_writing
2069,not_writing
2070,not_writing
2071,not_writing
2072,not_writing
2073,not_writing
2074,not_writing
2075,not_writing
2076,not_writing
2077,not_writing
2078,not_writing
2079,not_writing
2080,not_writing
2081,not_writing
2082,not_writing
2083,not_writing
2084,not_writing
2085,not_writing
2086,not_writing
2087,not_writing
2088,not_writing
2089,not_writing
2090,not_writing
2091,not_writing
2092,not_writing
2093,not_writing
2094,not_writing
2095,not_writing
2096,not_writing
2097,not_writing
2098,not_writing
2099,not_writing
2100,not_writing
2101,not_writing
2102,not_writing
2103,not_writing
2104,not_writing
2105,not_writing
2106,not_writing
2107,not_writing
2108,not_writing
2109,not_writing
2110,not_writing
2111,not_writing
2112,not_writing
2113,not_writing
2114,not_writing
2115,not_writing
2116,not_writing
2117,not_writing
2118,not_writing
2119,not_writing
2120,not_writing
2121,not_writing
2122,not_writing
2123,not_writing
2124,not_writing
2125,not_writing
2126,not_writing
2127,not_writing
2128,not_writing
2129,not_writing
2130,not_writing
2131,not_writing
2132,not_writing
2133,not_writing
2134,not_writing
2135,not_writing
2136,not_writing
2137,not_writing
2138,not_writing
2139,not_writing
2140,not_writing
2141,not_writing
2142,not_writing
2143,not_writing
2144,writing
2145,writing
2146,writing
2147,writing
2148,writing
2149,writing
2150,writing
2151,writing
2152,writing
2153,writing
2154,writing
2155,writing
2156,writing
2157,writing
2158,writing
2159,writing
2160,writing
2161,writing
2162,writing
2163,writing
2164,writing
2165,writing
2166,writing
2167,writing
2168,writing
2169,writing
2170,writing
2171,writing
2172,writing
2173,writing
2174,writing
2175,writing
2176,writing
2177,writing
2178,writing
2179,writing
2180,writing
2181,writing
2182,writing
2183,writing
2184,writing
2185,writing
2186,writing
2187,writing
2188,writing
2189,writing
2190,writing
2191,writing
2192,writing
2193,writing
2194,writing
2195,writing
2196,writing
2197,writing
2198,writing
2199,writing
2200,writing
2201,writing
2202,writing
2203,writing
2204,writing
2205,writing
2206,writing
2207,writing
2208,writing
2209,writing
2210,writing
2211,writing
2212,writing
2213,writing
2214,writing
2215,writing
2216,writing
2217,writing
2218,writing
2219,writing
2220,writing
2221,writing
2222,writing
2223,writing
2224,writing
2225,writing
2226,writing
2227,writing
2228,writing
2229,writing
2230,writing
2231,writing
2232,writing
2233,writing
2234,writing
2235,writing
2236,writing
2237,writing
2238,writing
2239,writing
2240,writing
2241,writing
2242,writing
2243,writing
2244,writing
2245,writing
2246,writing
2247,writing
2248,writing
2249,not_writing
2250,not_writing
2251,not_writing
2252,not_writing
2253,not_writing
2254,not_writing
2255,not_writing
2256,not_writing
2257,not_writing
2258,not_writing
2259,not_writing
2260,not_writing
2261,not_writing
2262,not_writing
2263,not_writing
2264,not_writing
2265,not_writing
2266,not_writing
2267,not_writing
2268,not_writing
2269,not_writing
2270,not_writing
2271,not_writing
2272,not_writing
2273,not_writing
2274,not_writing
2275,not_writing
2276,not_writing
2277,not_writing
2278,not_writing
2279,not_writing
2280,not_writing
2281,not_writing
2282,not_writing
2283,not_writing
2284,not_writing
2285,not_writing
2286,not_writing
2287,not_writing
2288,not_writing
2289,not_writing
2290,not_writing
2291,not_writing
2292,not_writing
2293,not_writing
2294,not_writing
2295,not_writing
2296,not_writing
2297,not_writing
2298,not_writing
2299,not_writing
2300,not_writing
2301,not_writing
2302,not_writing
2303,not_writing
2304,not_writing
2305,not_writing
2306,not_writing
2307,not_writing
2308,not_writing
2309,not_writing
2310,not_writing
2311,not_writing
2312,not_writing
2313,not_writing
2314,not_writing
2315,not_writing
2316,not_writing
2317,not_writing
2318,not_writing
2319,not_writing
2320,not_writing
2321,not_writing
2322,not_writing
2323,not_writing
2324,not_writing
2325,not_writing
2326,not_writing
2327,not_writing
2328,not_writing
2329,not_writing
2330,not_writing
2331,not_writing
2332,not_writing
2333,not_writing
2334,not_writing
2335,not_writing
2336,not_writing
2337,not_writing
2338,not_writing
2339,not_writing
2340,not_writing
2341,not_writing
2342,not_writing
2343,not_writing
2344,not_writing
2345,not_writing
2346,not_writing
2347,not_writing
2348,not_writing
2349,not_writing
2350,not_writing
2351,not_writing
2352,not_writing
2353,not_writing
2354,not_writing
2355,not_writing
2356,not_writing
2357,not_writing
2358,not_writing
2359,not_writing
2360,not_writing
2361,not_writing
2362,not_writing
2363,not_writing
2364,not_writing
2365,not_writing
2366,not_writing
2367,not_writing
2368,not_writing
2369,not_writing
2370,not_writing
2371,not_writing
2372,not_writing
2373,not_writing
2374,not_writing
2375,not_writing
2376,not_writing
2377,not_writing
2378,not_writing
2379,not_writing
2380,not_writing
2381,not_writing
2382,not_writing
2383,not_writing
2384,not_writing
2385,not_writing
2386,not_writing
2387,not_writing
2388,not_writing
2389,not_writing
2390,not_writing
2391,not_writing
